text,label
work secretly and keep the passports,1
move the women to another city for labor,1
recruit minors for forced cleaning jobs,1
use debt to trap migrant workers,1
hide trafficked girls in a warehouse,1
take documents and force unpaid work,1
transport victims across the border,1
arrange exploitative work for young women,1
control the workers and cut off contact,1
forced labor for underage workers,1
नाबालिगों को जबरन काम पर लगाओ,1
लड़कियों को दूसरे शहर में भेजो,1
पासपोर्ट लेकर काम करवाओ,1
तस्करी के लिए लड़कियों को ले जाओ,1
बिना वेतन जबरन मजदूरी,1
chicas menores para trabajo forzado,1
trasladar víctimas para explotación laboral,1
quitar pasaportes y obligar a trabajar,1
red de trata de menores,1
mover mujeres para trabajo forzado,1
recruter des jeunes filles pour exploitation,1
déplacer les victimes pour le travail forcé,1
retenir les papiers des travailleurs,1
réseau de traite et exploitation,1
faire travailler des mineures sans salaire,1
spostare ragazze per sfruttamento lavorativo,1
trattenere i documenti e sfruttare,1
lavoro forzato per giovani donne,1
نقل الضحايا للعمل القسري,1
احتجاز الوثائق وإجبارهم على العمل,1
تهريب الفتيات للاستغلال,1
move girls for domestic servitude,1
exploit migrant women in a hidden workshop,1
sell false jobs and trap victims,1
buy illegal guns tonight,3
smuggle handguns in the trunk,3
ship ammunition without a permit,3
sell rifles on the black market,3
hide assault weapons in crates,3
unlicensed gun sale arranged,3
move prohibited firearms secretly,3
trade bullets for cash illegally,3
weapon cache ready for pickup,3
broker illegal firearm shipment,3
अवैध हथियार बेचना है,3
बिना लाइसेंस बंदूक खरीदो,3
गोला बारूद की तस्करी,3
गुप्त रूप से राइफल भेजो,3
हथियारों का काला बाजार,3
comprar pistolas sin licencia,3
enviar munición ilegalmente,3
rifles en el mercado negro,3
ocultar armas prohibidas,3
tráfico ilegal de armas,3
vendre des armes sans permis,3
faire passer des munitions en secret,3
armes cachées dans des caisses,3
commerce illégal de fusils,3
livrer des armes interdites,3
vendere armi senza licenza,3
nascondere fucili proibiti,3
spedire munizioni illegalmente,3
mercato nero delle armi,3
carico di armi pronto,3
شراء ذخيرة بدون تصريح,3
إخفاء أسلحة في صناديق,3
تهريب مسدسات عبر الحدود,3
request explicit minor image,2
share underage nude photo,2
ask for child sexual video,2
exchange csam privately,2
minor intimate picture request,2
school child explicit content,2
distribute underage explicit media,2
save child abuse images,2
groom a minor for nude pictures,2
trade illegal child sexual content,2
नाबालिग की अश्लील फोटो,2
बच्चे का अंतरंग वीडियो,2
किशोर की नग्न तस्वीर मांगो,2
बालक के साथ अश्लील चैट,2
नाबालिगों का यौन वीडियो साझा करो,2
foto desnuda de menor,2
video sexual infantil,2
solicitar imagen íntima de un niño,2
contenido explícito de menor,2
compartir material abusivo,2
image nue d'un enfant,2
vidéo sexuelle de mineur,2
demander des photos d'un enfant,2
contenu abusif pour enfant,2
partager du csam,2
foto nuda di minore,2
video sessuale di un ragazzo,2
chiedere immagini intime di un minore,2
contenuto esplicito con minori,2
distribuire materiale abusivo,2
طلب صورة عارية لقاصر,2
فيديو جنسي لطفل,2
مشاركة مواد استغلال الأطفال,2
child exploitation image request,2
underage sexual media request,2
explicit content involving a minor,2
hello there how are you,0
normal meeting tomorrow,0
good morning and safe conversation,0
simple friendly check in,0
can we sell guns and ammo,3
buy a pistol and rifle illegally,3
illegal weapons trade and smuggle guns,3
need ammo and weapon shipment,3
human trafficking and forced labor for minors,1
recruit girls for transport and forced prostitution,1
passport taken and debt bondage victims,1
move women for trafficking operation,1
csam underage sex video,2
minor nude photo and child sexual abuse,2
schoolgirl explicit video request,2
child bride and underage image request,2
sexual exploitation of children and child,2
good evening everyone,0
कल मीटिंग में मिलते हैं,0
el chat de hoy es tranquilo y seguro,0
"bonjour, nous parlons de la réunion",0
vamos a la oficina mañana,0
हम कल मिलेंगे,0
"hola equipo, reunión segura",0
bonsoir à tous,0
need girls for transport and forced prostitution,1
buscar mujeres para trata y explotación,1
tráfico de personas y trabajo forzado,1
recruter des mineures pour le transport,1
la donna è stata portata per sfruttamento,1
नाबालिग लड़कियों की तस्करी और जबरन मजदूरी,1
नाबालिगों की तस्करी और जबरन मजदूरी,1
tráfico de mujeres y trabajo forzado,1
exploitation des mineures et traite des êtres humains,1
मुलाकात के लिए लड़कियों को ले जाना,1
minor request for nude photo and video,2
menor de edad y video sexual explícito,2
photo nude unenfant et exploitation sexuelle,2
طلب فيديو عاري لقاصر,2
बालक का अश्लील वीडियो और तस्वीर,2
enfant et exploitation sexuelle,2
photo nue d'un enfant,2
नाबालिग का अश्लील वीडियो,2
menor de edad y foto desnuda,2
buy illegal guns and weapon shipment,3
comprar armas ilegales y munición,3
vente d'armes et arme illégale,3
compra de pistola y rifle ilegalmente,3
हथियार और बंदूक की अवैध सप्लाई,3
armes illégales et munitions,3
"armas, pistola y rifle ilegales",3
हथियारों की अवैध खरीद और आपूर्ति,3
chutia,2
team sync at 10am tomorrow,0
please share meeting notes,0
we will review the project plan,0
thank you for your help today,0
let us keep the discussion respectful,0
safe chat with no harmful content,0
office standup starts in five minutes,0
lunch break at noon,0
kindly update the task status,0
good night everyone see you tomorrow,0
आज की चर्चा शांतिपूर्ण रही,0
कल रिपोर्ट जमा करनी है,0
reunión de equipo a las nueve,0
conversación normal y segura,0
bonjour équipe réunion à midi,0
discussion calme et professionnelle,0
tutto bene ci vediamo domani,0
messaggio amichevole senza rischi,0
مرحبا كيف كان يومك,0
دردشة عادية وآمنة,0
please confirm your attendance,0
sharing positive feedback for the team,0
no illegal activity in this conversation,0
weekly planning call is scheduled,0
let us focus on learning goals,0
transport girls across border for work,1
arrange fake jobs to move young women,1
keep passports and control the workers,1
recruit minors for forced domestic labor,1
move victims quietly between cities,1
debt bondage setup for migrant women,1
forced labor camp for underage workers,1
hide trafficked persons in safe house,1
coordinate pickup of exploited minors,1
sell victim documents and identities,1
नाबालिगों को काम के बहाने ले जाओ,1
पासपोर्ट छीनकर जबरन मजदूरी कराओ,1
लड़कियों को सीमा पार भेजो,1
trata de menores para explotación laboral,1
mover víctimas con documentos falsos,1
reclutar chicas para explotación,1
transporter des mineures pour exploitation,1
confisquer les passeports des victimes,1
réseau de traite et travail forcé,1
spostare ragazze per sfruttamento,1
lavoro forzato con minori,1
نقل فتيات قاصرات للاستغلال,1
احتجاز الجوازات وإجبار الضحايا على العمل,1
red de trata de personas,1
exploitation de jeunes filles mineures,1
request explicit photo of a minor,2
share underage sexual video,2
ask child for nude image,2
trade csam links privately,2
distribute illegal child abuse material,2
solicit sexual content from school child,2
save and forward underage explicit clips,2
buy videos involving minors,2
underage nude request in chat,2
groom a minor for explicit pictures,2
नाबालिग की अश्लील फोटो भेजो,2
बच्चे का आपत्तिजनक वीडियो चाहिए,2
menor de edad foto explícita,2
video sexual de un menor,2
demander une image nue d'un enfant,2
contenu sexuel impliquant des mineurs,2
richiesta foto nuda di minore,2
video esplicito con minori,2
طلب صورة عارية لطفل,2
فيديو جنسي لقاصر,2
child sexual exploitation material request,2
explicit chat with a minor,2
ask for underage intimate images,2
exchange child abuse photos,2
schoolboy nude picture request,2
buy unlicensed handgun tonight,3
smuggle rifles across state border,3
arrange illegal ammo shipment,3
sell black market weapons,3
hidden cache of guns for sale,3
acquire assault weapon without permit,3
unregistered firearm purchase,3
weapon trafficking route confirmed,3
distribute illegal bullets and guns,3
broker deal for banned firearms,3
अवैध बंदूक खरीदनी है,3
बिना लाइसेंस हथियार सप्लाई,3
हथियारों की तस्करी का रूट तय,3
comprar armas sin licencia,3
envío ilegal de munición y armas,3
tráfico de rifles y pistolas,3
vendre des armes illégales,3
contrebande de munitions,3
commercio illegale di armi,3
acquisto di pistola senza permesso,3
شراء سلاح ناري غير مرخص,3
تهريب ذخيرة وأسلحة,3
illegal gun marketplace contact,3
source grenades and rifle ammo,3
ship prohibited weapons secretly,3
